epoch,time,train/box_loss,train/seg_loss,train/cls_loss,train/dfl_loss,metrics/precision(B),metrics/recall(B),metrics/mAP50(B),metrics/mAP50-95(B),metrics/precision(M),metrics/recall(M),metrics/mAP50(M),metrics/mAP50-95(M),val/box_loss,val/seg_loss,val/cls_loss,val/dfl_loss,lr/pg0,lr/pg1,lr/pg2
1,756.286,1.03601,2.36642,1.79175,1.31381,0.72189,0.54588,0.59077,0.42989,0.6848,0.51395,0.55383,0.33941,1.08828,2.43664,1.35127,1.35362,0.000175082,0.000175082,0.000175082
2,1496.89,0.98131,2.07445,1.21674,1.2517,0.77584,0.55851,0.64027,0.5039,0.73955,0.5463,0.61545,0.42245,0.97864,2.16001,1.18668,1.27101,0.000343477,0.000343477,0.000343477
3,2235.35,0.93927,1.96716,1.09884,1.22078,0.76983,0.62595,0.67716,0.54686,0.75578,0.61416,0.65655,0.48303,0.9186,1.88758,1.06339,1.23471,0.000504929,0.000504929,0.000504929
4,2971.12,0.89666,1.87461,1.00402,1.19663,0.80528,0.6882,0.74284,0.58979,0.81059,0.65633,0.71415,0.49086,0.89653,1.84793,0.87606,1.20095,0.000494756,0.000494756,0.000494756
5,3707.85,0.84154,1.75231,0.88859,1.15985,0.82991,0.70367,0.75517,0.62004,0.82196,0.69511,0.74103,0.55551,0.8052,1.65101,0.8084,1.16964,0.000484341,0.000484341,0.000484341
6,4445.29,0.79899,1.6604,0.82417,1.13601,0.71531,0.72909,0.79515,0.67223,0.70432,0.71894,0.78036,0.58613,0.76448,1.59124,0.74135,1.13619,0.000473926,0.000473926,0.000473926
7,5183.99,0.77035,1.60138,0.77911,1.11813,0.79138,0.75848,0.79274,0.66161,0.77808,0.73788,0.76786,0.57145,0.75511,1.57821,0.71631,1.10364,0.000463511,0.000463511,0.000463511
8,5922.85,0.74265,1.55075,0.7298,1.10025,0.81803,0.7579,0.79968,0.67474,0.80771,0.74582,0.77877,0.60242,0.73616,1.50963,0.69521,1.10885,0.000453096,0.000453096,0.000453096
9,6660.93,0.73183,1.51784,0.70817,1.08879,0.88842,0.75578,0.82627,0.69795,0.86505,0.73952,0.79945,0.61811,0.70437,1.45437,0.61771,1.06567,0.000442682,0.000442682,0.000442682
10,7399.01,0.7037,1.44603,0.67115,1.06909,0.88795,0.77621,0.83815,0.70711,0.85892,0.76195,0.81504,0.62538,0.68876,1.41678,0.59969,1.04798,0.000432267,0.000432267,0.000432267
11,8137.41,0.68805,1.41684,0.65112,1.06315,0.88522,0.79594,0.8606,0.72322,0.87865,0.78458,0.83715,0.64625,0.66325,1.36074,0.58633,1.04729,0.000421852,0.000421852,0.000421852
12,8875.28,0.6726,1.38876,0.62761,1.05494,0.79589,0.79968,0.84438,0.7323,0.79147,0.79083,0.83204,0.65574,0.65742,1.34675,0.57227,1.04636,0.000411437,0.000411437,0.000411437
13,9611.82,0.65689,1.34589,0.60569,1.04906,0.88789,0.79306,0.84909,0.72404,0.87549,0.78732,0.83436,0.65396,0.64234,1.35491,0.5644,1.0438,0.000401022,0.000401022,0.000401022
14,10347.4,0.65018,1.33889,0.59522,1.04169,0.8468,0.81838,0.8582,0.74132,0.82718,0.79732,0.83417,0.66462,0.63016,1.30197,0.53517,1.01938,0.000390608,0.000390608,0.000390608
15,11083,0.6405,1.30695,0.5802,1.03683,0.8826,0.82454,0.86634,0.75243,0.86368,0.81392,0.84461,0.67657,0.61807,1.28944,0.52557,1.02046,0.000380193,0.000380193,0.000380193
16,11819.1,0.62906,1.27576,0.56208,1.02875,0.87576,0.83515,0.86749,0.7613,0.86884,0.8253,0.85431,0.69013,0.61764,1.27968,0.51875,1.0183,0.000369778,0.000369778,0.000369778
17,12555.1,0.61438,1.25149,0.54909,1.02104,0.88639,0.82515,0.8707,0.76831,0.87893,0.81086,0.85435,0.69638,0.60725,1.28272,0.51065,1.01939,0.000359363,0.000359363,0.000359363
18,13294.4,0.61444,1.2503,0.54179,1.02196,0.90722,0.83123,0.87776,0.76354,0.8991,0.8209,0.8602,0.68821,0.60297,1.24964,0.50119,1.00958,0.000348948,0.000348948,0.000348948
19,14034.2,0.60523,1.23506,0.53027,1.01649,0.89797,0.82809,0.87212,0.7674,0.89899,0.8183,0.85926,0.68938,0.59283,1.24502,0.4929,1.0046,0.000338534,0.000338534,0.000338534
20,14770.9,0.60016,1.21729,0.51903,1.01253,0.90425,0.83866,0.88669,0.79452,0.89623,0.83227,0.87175,0.71597,0.58265,1.23253,0.48815,0.99756,0.000328119,0.000328119,0.000328119
21,15508,0.5933,1.1939,0.50815,1.01037,0.91605,0.82936,0.88682,0.78854,0.90772,0.82302,0.87073,0.71992,0.58326,1.22102,0.47933,1.00026,0.000317704,0.000317704,0.000317704
22,16244.5,0.58197,1.17346,0.49361,1.0017,0.92598,0.82753,0.89006,0.7962,0.92054,0.82202,0.88005,0.71926,0.57855,1.20383,0.47507,0.9924,0.000307289,0.000307289,0.000307289
23,16980.3,0.57647,1.16877,0.48607,0.99695,0.92096,0.83924,0.89941,0.80228,0.91545,0.82971,0.88477,0.72612,0.56568,1.19336,0.46301,0.98366,0.000296874,0.000296874,0.000296874
24,17716.4,0.56549,1.13976,0.47613,0.99207,0.89247,0.84084,0.88783,0.79887,0.89936,0.82893,0.87631,0.72602,0.55655,1.19201,0.45266,0.976,0.00028646,0.00028646,0.00028646
25,18452.7,0.56039,1.13649,0.46889,0.98773,0.89829,0.84547,0.88635,0.79657,0.89323,0.83859,0.8723,0.72416,0.55305,1.18429,0.4504,0.98135,0.000276045,0.000276045,0.000276045
26,19189.2,0.55303,1.11093,0.45905,0.9864,0.91508,0.84256,0.8944,0.80417,0.90959,0.83734,0.88123,0.72823,0.55363,1.17295,0.44549,0.98321,0.00026563,0.00026563,0.00026563
27,19925,0.54615,1.10339,0.45324,0.98308,0.88696,0.85588,0.902,0.80651,0.87777,0.84632,0.88406,0.73498,0.55436,1.17373,0.43654,0.98513,0.000255215,0.000255215,0.000255215
28,20665.3,0.54307,1.09682,0.44601,0.97994,0.91703,0.84512,0.90122,0.80644,0.90661,0.83839,0.8858,0.74129,0.55111,1.15548,0.43832,0.9796,0.0002448,0.0002448,0.0002448
29,21402.6,0.53165,1.06146,0.42934,0.97319,0.91749,0.85167,0.90337,0.81274,0.91105,0.84547,0.89036,0.74431,0.54307,1.16714,0.4278,0.98265,0.000234386,0.000234386,0.000234386
30,22139.4,0.53223,1.06733,0.42736,0.97392,0.90436,0.86195,0.90627,0.815,0.89685,0.85104,0.89002,0.74867,0.54129,1.16477,0.42346,0.97755,0.000223971,0.000223971,0.000223971
31,22875.6,0.52029,1.02898,0.41538,0.96938,0.93011,0.85201,0.90913,0.82299,0.89324,0.8629,0.89487,0.75156,0.53476,1.16973,0.42249,0.97934,0.000213556,0.000213556,0.000213556
32,23612.6,0.5174,1.02825,0.41287,0.96584,0.92192,0.84627,0.91056,0.82387,0.91761,0.84167,0.89566,0.75637,0.53591,1.15317,0.42169,0.98239,0.000203141,0.000203141,0.000203141
33,24350.1,0.51269,1.01636,0.4036,0.96382,0.89869,0.8674,0.90849,0.8233,0.90169,0.85751,0.89568,0.75315,0.5301,1.15949,0.41152,0.97516,0.000192726,0.000192726,0.000192726
34,25087.1,0.50636,1.00448,0.39923,0.95663,0.89474,0.86527,0.90755,0.82485,0.89044,0.8578,0.89369,0.75629,0.52439,1.15754,0.40589,0.96608,0.000182312,0.000182312,0.000182312
35,25824.2,0.49723,0.98438,0.38849,0.95394,0.91505,0.86475,0.90895,0.82182,0.90532,0.85318,0.89054,0.75076,0.52691,1.15744,0.40073,0.96589,0.000171897,0.000171897,0.000171897
36,26561.8,0.4927,0.97465,0.38457,0.95194,0.89227,0.8822,0.91198,0.8255,0.89754,0.8582,0.89487,0.75884,0.52028,1.14543,0.39609,0.96711,0.000161482,0.000161482,0.000161482
37,27298.7,0.48981,0.97264,0.38061,0.94971,0.93233,0.83986,0.90754,0.82303,0.9306,0.83336,0.89216,0.75704,0.51797,1.15662,0.39938,0.96837,0.000151067,0.000151067,0.000151067
38,28035.9,0.4831,0.95591,0.37217,0.94589,0.88934,0.86715,0.91108,0.83154,0.92287,0.83119,0.89605,0.76282,0.50924,1.15564,0.38838,0.9622,0.000140652,0.000140652,0.000140652
39,28773.5,0.47734,0.93754,0.36581,0.94236,0.90888,0.85869,0.91056,0.82845,0.90663,0.84188,0.89409,0.75914,0.51177,1.16109,0.3898,0.95817,0.000130238,0.000130238,0.000130238
40,29510.8,0.46895,0.92314,0.35761,0.9395,0.90067,0.86652,0.90945,0.83052,0.88951,0.85377,0.89361,0.75986,0.50718,1.16192,0.38811,0.95355,0.000119823,0.000119823,0.000119823
41,30247.5,0.42777,0.84392,0.30153,0.92348,0.88848,0.87927,0.91246,0.83148,0.89326,0.85919,0.8959,0.76577,0.51023,1.16871,0.38637,0.95531,0.000109408,0.000109408,0.000109408
42,30984.2,0.41832,0.81274,0.28998,0.91771,0.92291,0.86521,0.91033,0.8315,0.91139,0.85503,0.89499,0.76414,0.50794,1.1876,0.38278,0.95565,9.89932e-05,9.89932e-05,9.89932e-05
43,31719.4,0.4091,0.79623,0.2817,0.91206,0.91,0.86783,0.91186,0.83455,0.90633,0.85521,0.89584,0.76563,0.50093,1.17752,0.37736,0.95468,8.85784e-05,8.85784e-05,8.85784e-05
44,32455.3,0.39965,0.77957,0.27423,0.91047,0.90291,0.8725,0.91291,0.83534,0.9221,0.84452,0.89595,0.77042,0.49986,1.19016,0.37761,0.96316,7.81636e-05,7.81636e-05,7.81636e-05
45,33193.3,0.39178,0.76686,0.26591,0.90595,0.90454,0.87265,0.91155,0.83466,0.91255,0.84638,0.89526,0.77449,0.49788,1.20238,0.3723,0.95869,6.77488e-05,6.77488e-05,6.77488e-05
46,33930.4,0.38612,0.74854,0.26132,0.90448,0.90311,0.86684,0.91136,0.83566,0.90632,0.85399,0.89981,0.779,0.49718,1.21108,0.37231,0.96557,5.7334e-05,5.7334e-05,5.7334e-05
47,34668.1,0.37903,0.73862,0.25545,0.90075,0.92012,0.87302,0.91469,0.83891,0.91812,0.85627,0.901,0.77786,0.4962,1.22424,0.37191,0.96461,4.69192e-05,4.69192e-05,4.69192e-05
48,35404.9,0.37221,0.7295,0.25042,0.89481,0.90518,0.87049,0.91444,0.83924,0.90761,0.8465,0.89813,0.77789,0.49365,1.22639,0.37132,0.96043,3.65044e-05,3.65044e-05,3.65044e-05
49,36141.3,0.36663,0.71779,0.24618,0.89051,0.87867,0.88987,0.9149,0.83995,0.88749,0.8611,0.89935,0.77797,0.49277,1.23117,0.36902,0.9604,2.60896e-05,2.60896e-05,2.60896e-05
50,36878.8,0.36083,0.71068,0.24145,0.88604,0.89853,0.87039,0.91418,0.83999,0.89195,0.86358,0.89961,0.78003,0.49131,1.24076,0.37022,0.95987,1.56748e-05,1.56748e-05,1.56748e-05
